639-2,639-3,639-5,639-1,Language name(s),Scope,Type,Native name(s),Other name(s)
aar,aar,,aa,Afar,Individual,Living,Qafaraf; â€™Afar Af; Afaraf; Qafar af,
abk,abk,,ab,Abkhazian,Individual,Living,ĞÒ§ÑÑƒĞ° Ğ±Ñ‹Ğ·ÑˆÓ™Ğ° AÆ¥sua bÄ±zÅ¡wa; ĞÒ§ÑÑˆÓ™Ğ° AÆ¥sua,Abkhaz
ace,ace,,,Achinese,Individual,Living,Ø¨Ù‡Ø³Ø§ Ø§Ú†ÙŠÙ‡,Acehnese
ach,ach,,,Acoli,Individual,Living,Lwo,Acholi
ada,ada,,,Adangme,Individual,Living,Dangme,Dangme
ady,ady,,,Adyghe; Adygei,Individual,Living,ĞĞ´Ñ‹Ğ³Ğ°Ğ±Ğ·Ñ; ĞšÓĞ°Ñ…Ñ‹Ğ±Ğ·Ñ,West Circassian
afa,,afa,,Afro-Asiatic languages,Collective,,,
afh,afh,,,Afrihili,Individual,Constructed,El-Afrihili,
afr,afr,,af,Afrikaans,Individual,Living,Afrikaans,
ain,ain,,,Ainu,Individual,Living,ã‚¢ã‚¤ãƒŒãƒ»ã‚¤ã‚¿ã‡° Ainu-itak,
aka,aka,,ak,Akan,Macrolanguage,Living,Akan,
akk,akk,,,Akkadian,Individual,Ancient,ğ’€ğ’…—ğ’ºğ’Œ‘,
ale,ale,,,Aleut,Individual,Living,Ğ£Ğ½Ğ°ÌÓˆĞ°Ğ¼ Ñ‚ÑƒĞ½ÑƒÑƒÌ; Ğ£Ğ½Ğ°ÓˆĞ°Ğ½ ÑƒĞ¼ÑÑƒÑƒ,
alg,,alg,,Algonquian languages,Collective,,,
alt,alt,,,Southern Altai,Individual,Living,ĞĞ»Ñ‚Ğ°Ğ¹ Ñ‚Ğ¸Ğ»Ğ¸,
amh,amh,,am,Amharic,Individual,Living,áŠ áˆ›áˆ­áŠ› AmÃ¢rÄ±Ã±Ã¢,
ang,ang,,,"English, Old (ca.450â€“1100)",Individual,Historical,Ã†nglisc; Anglisc; Englisc,
anp,anp,,,Angika,Individual,Living,,
apa,,apa,,Apache languages,Collective,,,Southern Athabaskan languages
ara,ara,,ar,Arabic,Macrolanguage,Living,Ø§Ù„Ø¹ÙØ±ÙØ¨ÙÙŠÙÙ‘Ø© al'Arabiyyeáº—,
arc,arc,,,Official Aramaic (700â€“300 BCE); Imperial Aramaic (700â€“300 BCE),Individual,Ancient,,
arg,arg,,an,Aragonese,Individual,Living,aragonÃ©s,
arn,arn,,,Mapudungun; Mapuche,Individual,Living,,
arp,arp,,,Arapaho,Individual,Living,HinÃ³noÊ¼eitÃ­Ã­t,
art,,art,,Artificial languages,Collective,,,
arw,arw,,,Arawak,Individual,Living,Lokono,Lokono
asm,asm,,as,Assamese,Individual,Living,à¦…à¦¸à¦®à§€à¦¯à¦¼à¦¾,
ast,ast,,,Asturian; Bable; Leonese; Asturleonese,Individual,Living,Asturianu,
ath,,ath,,Athapascan languages,Collective,,,Athabaskan languages
aus,,aus,,Australian languages,Collective,,,
ava,ava,,av,Avaric,Individual,Living,ĞœĞ°Ğ³ÓĞ°Ñ€ÑƒĞ» Ğ¼Ğ°Ñ†Ó; ĞĞ²Ğ°Ñ€ Ğ¼Ğ°Ñ†Ó,Avar
ave,ave,,ae,Avestan,Individual,Ancient,,
awa,awa,,,Awadhi,Individual,Living,à¤…à¤µà¤§à¥€,
aym,aym,,ay,Aymara,Macrolanguage,Living,Aymar aru,
aze,aze,,az,Azerbaijani,Macrolanguage,Living,AzÉ™rbaycan dili; Ø¢Ø°Ø±Ø¨Ø§ÛŒØ¬Ø§Ù† Ø¯ÛŒÙ„ÛŒ; ĞĞ·Ó™Ñ€Ğ±Ğ°Ñ˜Ò¹Ğ°Ğ½ Ğ´Ğ¸Ğ»Ğ¸,
bad,,bad,,Banda languages,Collective,,,
bai,,bai,,Bamileke languages,Collective,,BamilÃ©kÃ©,
bak,bak,,ba,Bashkir,Individual,Living,Ğ‘Ğ°ÑˆÒ¡Ğ¾Ñ€Ñ‚ Ñ‚ĞµĞ»Ğµ; BaÅŸqort tele,
bal,bal,,,Baluchi,Macrolanguage,Living,Ø¨Ù„ÙˆÚ†ÛŒ,Balochi
bam,bam,,bm,Bambara,Individual,Living,ß“ßŠß¡ßŠß£ßŠß£ßßŠß£,
ban,ban,,,Balinese,Individual,Living,á¬ªá¬µá¬±á¬©á¬®á¬¶; á¬©á¬²á¬©á¬®á¬¶; Basa Bali,
bas,bas,,,Basa,Individual,Living,Mbene; ÆasaÃ¡,Basaa
bat,,bat,,Baltic languages,Collective,,,
bej,bej,,,Beja; Bedawiyet,Individual,Living,Bidhaawyeet,
bel,bel,,be,Belarusian,Individual,Living,Ğ‘ĞµĞ»Ğ°Ñ€ÑƒÑĞºĞ°Ñ Ğ¼Ğ¾Ğ²Ğ° BelaruskaÃ¢ mova,
bem,bem,,,Bemba,Individual,Living,Chibemba,
ben,ben,,bn,Bengali,Individual,Living,à¦¬à¦¾à¦‚à¦²à¦¾ BÄÅ‹lÄ,
ber,,ber,,Berber languages,Collective,,TamaziÉ£t; Tamazight; âµœâ´°âµâ´°âµ£âµ‰âµ–âµœ; âµâ´°âµâ´°âµ£âµ‰âµ—âµ; âµœâ´°âµâ´°âµ£âµ‰âµ—âµœ,Amazigh languages
bho,bho,,,Bhojpuri,Individual,Living,à¤­à¥‹à¤œà¤ªà¥à¤°à¥€,
bih,,bih,bh,Bihari languages,Collective,,,
bik,bik,,,Bikol,Macrolanguage,Living,,
bin,bin,,,Bini; Edo,Individual,Living,áº¸Ì€dÃ³,
bis,bis,,bi,Bislama,Individual,Living,,
bla,bla,,,Siksika,Individual,Living,á“±á–½á§á–¿,Blackfoot
bnt,,bnt,,Bantu languages,Collective,,,
bod / tib*,bod,,bo,Tibetan,Individual,Living,à½–à½¼à½‘à¼‹à½¦à¾à½‘à¼‹ Bodskad; à½£à¾·à¼‹à½¦à½ à½²à¼‹à½¦à¾à½‘à¼‹ Lhas'iskad,
bos,bos,,bs,Bosnian,Individual,Living,bosanski,
bra,bra,,,Braj,Individual,Living,,Braj BhÄshÄ
bre,bre,,br,Breton,Individual,Living,Brezhoneg,
btk,,btk,,Batak languages,Collective,,,
bua,bua,,,Buriat,Macrolanguage,Living,Ğ±ÑƒÑ€ÑĞ°Ğ´ Ñ…ÑĞ»ÑĞ½,Buryat
bug,bug,,,Buginese,Individual,Living,á¨…á¨” á¨•á¨˜á¨á¨—,
bul,bul,,bg,Bulgarian,Individual,Living,Ğ±ÑŠĞ»Ğ³Ğ°Ñ€ÑĞºĞ¸ ĞµĞ·Ğ¸Ğº bÄƒlgarski ezik,
byn,byn,,,Blin; Bilin,Individual,Living,á‰¥áˆŠáŠ“; á‰¥áˆŠáŠ•,Bilen
cad,cad,,,Caddo,Individual,Living,HasÃ­:nay,
cai,,cai,,Central American Indian languages,Collective,,,
car,car,,,Galibi Carib,Individual,Living,Kari'nja,Carib
cat,cat,,ca,Catalan; Valencian,Individual,Living,"catalÃ ,valenciÃ ",
cau,,cau,,Caucasian languages,Collective,,,
ceb,ceb,,,Cebuano,Individual,Living,Sinugbuanong BinisayÃ¢,
cel,,cel,,Celtic languages,Collective,,,
ces / cze*,ces,,cs,Czech,Individual,Living,ÄeÅ¡tina; ÄeskÃ½ jazyk,
cha,cha,,ch,Chamorro,Individual,Living,Finu' Chamoru,
chb,chb,,,Chibcha,Individual,Extinct,Muysccubun,
che,che,,ce,Chechen,Individual,Living,ĞĞ¾Ñ…Ñ‡Ğ¸Ğ¹Ğ½ Ğ¼Ğ¾Ñ‚Ñ‚; Ù†ÙØ§Ø®Ú†ÛŒÛŒÙ† Ù…ÙˆÙ“ØªØª; áƒœáƒáƒ®áƒ©áƒ˜áƒ” áƒ›áƒ£áƒáƒ—áƒ—,
chg,chg,,,Chagatai,Individual,Extinct,Ø¬ØºØªØ§ÛŒ,
chk,chk,,,Chuukese,Individual,Living,,
chm,chm,,,Mari,Macrolanguage,Living,Ğ¼Ğ°Ñ€Ğ¸Ğ¹ Ğ¹Ñ‹Ğ»Ğ¼Ğµ,
chn,chn,,,Chinook jargon,Individual,Living,chinuk wawa; wawa; chinook lelang; lelang,
cho,cho,,,Choctaw,Individual,Living,Chahta',
chp,chp,,,Chipewyan; Dene Suline,Individual,Living,á‘Œá“€á“±á’¼á•„á“€ (DÃ«nesÅ³Å‚inÃ©),
chr,chr,,,Cherokee,Individual,Living,á£á³á© á¦á¬á‚á¯áá— Tsalagi gawonihisdi,
chu,chu,,cu,Church Slavic; Old Slavonic; Church Slavonic; Old Bulgarian; Old Church Slavonic,Individual,Ancient,Ğ¡Ğ»Ğ°Ğ²ĞµÌĞ½ÑĞºÑ—Ğ¹ Ñ§Ò†Ğ·Ñ‹ÌĞºÑŠ,
chv,chv,,cv,Chuvash,Individual,Living,Ğ§Ó‘Ğ²Ğ°ÑˆĞ»Ğ°,
chy,chy,,,Cheyenne,Individual,Living,TsÄ—hÃ©senÄ—stsestÈ¯tse,
cmc,,cmc,,Chamic languages,Collective,,,
cnr,cnr,,,Montenegrin,Individual,Living,crnogorski / Ñ†Ñ€Ğ½Ğ¾Ğ³Ğ¾Ñ€ÑĞºĞ¸,
cop,cop,,,Coptic,Individual,Extinct,Ï¯â²™â²‰â²‘â²£â²‰â²™â²›Ì€â²­â²â²™â²“; â²§â²™â²›Ì„â²§â²£â²™Ì„â²›Ì„â²•â²â²™â²‰,
cor,cor,,kw,Cornish,Individual,Living,Kernowek,
cos,cos,,co,Corsican,Individual,Living,Corsu; Lingua corsa,
cpe,,cpe,,"Creoles and pidgins, English based",Collective,,,
cpf,,cpf,,"Creoles and pidgins, French-based",Collective,,,
cpp,,cpp,,"Creoles and pidgins, Portuguese-based",Collective,,,
cre,cre,,cr,Cree,Macrolanguage,Living,,
crh,crh,,,Crimean Tatar; Crimean Turkish,Individual,Living,ĞšÑŠÑ‹Ñ€Ñ‹Ğ¼Ñ‚Ğ°Ñ‚Ğ°Ñ€Ğ´Ğ¶Ğ°; ĞšÑŠÑ‹Ñ€Ñ‹Ğ¼Ñ‚Ğ°Ñ‚Ğ°Ñ€ Ñ‚Ğ¸Ğ»Ğ¸; Ò Ñ‹Ñ€Ñ‹Ğ¼Ñ‚Ğ°Ñ‚Ğ°Ñ€Ò—Ğ°; Ò Ñ‹Ñ€Ñ‹Ğ¼Ñ‚Ğ°Ñ‚Ğ°Ñ€ Ñ‚Ğ¸Ğ»Ğ¸,
crp,,crp,,Creoles and pidgins,Collective,,,
csb,csb,,,Kashubian,Individual,Living,KaszÃ«bsczi jÃ£zÃ«k,Cassubian
cus,,cus,,Cushitic languages,Collective,,,
cym / wel*,cym,,cy,Welsh,Individual,Living,Cymraeg; y Gymraeg,
dak,dak,,,Dakota,Individual,Living,DakhÃ³tiyapi; DakÈŸÃ³tiyapi,
dan,dan,,da,Danish,Individual,Living,dansk,
dar,dar,,,Dargwa,Individual,Living,Ğ´Ğ°Ñ€Ğ³Ğ°Ğ½ Ğ¼ĞµĞ·,
day,,day,,Land Dayak languages,Collective,,,
del,del,,,Delaware,Macrolanguage,Living,,
den,den,,,Slave (Athapascan),Macrolanguage,Living,Dene K'e,Slavey
deu / ger*,deu,,de,German,Individual,Living,Deutsch,
dgr,dgr,,,Dogrib,Individual,Living,
din,din,,,Dinka,Macrolanguage,Living,ThuÉ”Å‹jÃ¤Å‹,
div,div,,dv,Divehi; Dhivehi; Maldivian,Individual,Living,Ş‹Ş¨ŞˆŞ¬Ş€Ş¨; Ş‹Ş¨ŞˆŞ¬Ş€Ş¨Ş„Ş¦ŞŞ° Divehi,
doi,doi,,,Dogri,Macrolanguage,Living,ğ‘ –ğ‘ µğ‘ Œğ‘ ¤ğ‘ ®; à¤¡à¥‹à¤—à¤°à¥€; ÚˆÙˆÚ¯Ø±Ù‰,
dra,,dra,,Dravidian languages,Collective,,,
dsb,dsb,,,Lower Sorbian,Individual,Living,Dolnoserbski; DolnoserbÅ¡Ä‡ina,
dua,dua,,,Duala,Individual,Living,,
dum,dum,,,"Dutch, Middle (ca. 1050â€“1350)",Individual,Historical,,
dyu,dyu,,,Dyula,Individual,Living,Julakan,Jula
dzo,dzo,,dz,Dzongkha,Individual,Living,à½¢à¾«à½¼à½„à¼‹à½à¼‹ Ä´oÅ‹kha,
efi,efi,,,Efik,Individual,Living,,
egy,egy,,,Egyptian (Ancient),Individual,Ancient,,
eka,eka,,,Ekajuk,Individual,Living,,Kajuk
ell / gre*,ell,,el,"Greek, Modern (1453â€“)",Individual,Living,ÎÎ­Î± Î•Î»Î»Î·Î½Î¹ÎºÎ¬ NÃ©a EllÃªnikÃ¡,
elx,elx,,,Elamite,Individual,Ancient,,
eng,eng,,en,English,Individual,Living,English,
enm,enm,,,"English, Middle (1100â€“1500)",Individual,Historical,,
epo,epo,,eo,Esperanto,Individual,Constructed,Esperanto,
est,est,,et,Estonian,Macrolanguage,Living,eesti keel,
eus / baq*,eus,,eu,Basque,Individual,Living,euskara,
ewe,ewe,,ee,Ewe,Individual,Living,ÃˆÊ‹egbe,
ewo,ewo,,,Ewondo,Individual,Living,,Kolo
fan,fan,,,Fang,Individual,Living,,
fao,fao,,fo,Faroese,Individual,Living,fÃ¸royskt,
fas / per*,fas,,fa,Persian,Macrolanguage,Living,ÙØ§Ø±Ø³ÛŒ FÄrsiy,Farsi
fat,fat,,,Fanti,Individual,Living,Mfantse; Fante; Fanti,Fante
fij,fij,,fj,Fijian,Individual,Living,Na Vosa Vakaviti,
fil,fil,,,Filipino; Pilipino,Individual,Living,Wikang Filipino,
fin,fin,,fi,Finnish,Individual,Living,suomen kieli,
fiu,,fiu,,Finno-Ugrian languages,Collective,,,Finno-Ugric languages
fon,fon,,,Fon,Individual,Living,Fon gbÃ¨,
fra / fre*,fra,,fr,French,Individual,Living,franÃ§ais,
frm,frm,,,"French, Middle (ca. 1400â€“1600)",Individual,Historical,franÃ§ois; franceis,
fro,fro,,,"French, Old (842â€“ca. 1400)",Individual,Historical,Franceis; FranÃ§ois; Romanz,
frr,frr,,,Northern Frisian,Individual,Living,Frasch; Fresk; Freesk; Friisk,North Frisian
frs,frs,,,East Frisian Low Saxon,Individual,Living,Oostfreesk; PlattdÃ¼Ã¼tsk,East Frisian Low Saxon
fry,fry,,fy,Western Frisian,Individual,Living,Frysk,West Frisian
ful,ful,,ff,Fulah,Macrolanguage,Living,Fulfulde; Pulaar; Pular,Fula
fur,fur,,,Friulian,Individual,Living,Furlan,
gaa,gaa,,,Ga,Individual,Living,GÃ£,
gay,gay,,,Gayo,Individual,Living,Basa Gayo,
gba,gba,,,Gbaya,Macrolanguage,Living,,
gem,,gem,,Germanic languages,Collective,,,
gez,gez,,,Geez,Individual,Ancient,áŒá‹•á‹,Ge'ez
gil,gil,,,Gilbertese,Individual,Living,Taetae ni Kiribati,
gla,gla,,gd,Gaelic; Scottish Gaelic,Individual,Living,GÃ idhlig,
gle,gle,,ga,Irish,Individual,Living,Gaeilge,
glg,glg,,gl,Galician,Individual,Living,galego,
glv,glv,,gv,Manx,Individual,Living,Gaelg; Gailck,
gmh,gmh,,,"German, Middle High (ca. 1050â€“1500)",Individual,Historical,Diutsch,
goh,goh,,,"German, Old High (ca. 750â€“1050)",Individual,Historical,Diutisk,
gon,gon,,,Gondi,Macrolanguage,Living,,
gor,gor,,,Gorontalo,Individual,Living,Bahasa Hulontalo,
got,got,,,Gothic,Individual,Ancient,,
grb,grb,,,Grebo,Macrolanguage,Living,,
grc,grc,,,"Greek, Ancient (to 1453)",Individual,Historical,á¼™Î»Î»Î·Î½Î¹ÎºÎ®,
grn,grn,,gn,Guarani,Macrolanguage,Living,AvaÃ±e'áº½,
gsw,gsw,,,Swiss German; Alemannic; Alsatian,Individual,Living,SchwiizerdÃ¼tsch,
guj,guj,,gu,Gujarati,Individual,Living,àª—à«àªœàª°àª¾àª¤à«€ GujarÄtÄ«,
gwi,gwi,,,Gwich'in,Individual,Living,Dinjii Zhuâ€™ Ginjik,
hai,hai,,,Haida,Macrolanguage,Living,XÌ±aat KÃ­l; XÌ±aadas KÃ­l; XÌ±aayda Kil; Xaad kil,
hat,hat,,ht,Haitian; Haitian Creole,Individual,Living,kreyÃ²l ayisyen,
hau,hau,,ha,Hausa,Individual,Living,Harshen Hausa; Ù‡ÙØ±Ù’Ø´ÙÙ†,
haw,haw,,,Hawaiian,Individual,Living,Ê»ÅŒlelo HawaiÊ»i,
heb,heb,,he,Hebrew,Individual,Living,×¢×‘×¨×™×ª 'IvriyÃ¾,
her,her,,hz,Herero,Individual,Living,Otjiherero,
hil,hil,,,Hiligaynon,Individual,Living,Ilonggo,
him,,[a],,Himachali languages; Pahari languages,Collective,,,
hin,hin,,hi,Hindi,Individual,Living,à¤¹à¤¿à¤¨à¥à¤¦à¥€ HindÄ«,
hit,hit,,,Hittite,Individual,Ancient,ğ’‰ˆğ’…†ğ’‡·,
hmn,hmn,,,Hmong; Mong,Macrolanguage,Living,lus Hmoob; lug Moob; lol Hmongb; ğ–¬‡ğ–¬°ğ–¬ ğ–¬Œğ–¬£ğ–¬µ,
hmo,hmo,,ho,Hiri Motu,Individual,Living,,
hrv,hrv,,hr,Croatian,Individual,Living,hrvatski,
hsb,hsb,,,Upper Sorbian,Individual,Living,hornjoserbÅ¡Ä‡ina,
hun,hun,,hu,Hungarian,Individual,Living,magyar nyelv,
hup,hup,,,Hupa,Individual,Living,Na:tinixwe Mixine:whe',
hye / arm*,hye,,hy,Armenian,Individual,Living,Õ€Õ¡ÕµÕ¥Ö€Õ§Õ¶ HayerÃ¨n; Õ€Õ¡ÕµÕ¥Ö€Õ¥Õ¶ Hayeren,
iba,iba,,,Iban,Individual,Living,Jaku Iban,
ibo,ibo,,ig,Igbo,Individual,Living,Asá»¥sá»¥ Igbo,
ido,ido,,io,Ido,Individual,Constructed,,
iii,iii,,ii,Sichuan Yi; Nuosu,Individual,Living,ê†ˆêŒ ê‰™ Nuosuhxop,
ijo,,ijo,,Ijo languages,Collective,,á»Šjá»,Ijaw languages
iku,iku,,iu,Inuktitut,Macrolanguage,Living,áƒá“„á’ƒá‘á‘á‘¦ Inuktitut,
ile,ile,,ie,Interlingue; Occidental,Individual,Constructed,,
ilo,ilo,,,Iloko,Individual,Living,Pagsasao nga Ilokano; Ilokano,Ilocano
ina,ina,,ia,Interlingua (International Auxiliary Language Association),Individual,Constructed,,
inc,,inc,,Indic languages,Collective,,,Indo-Aryan languages
ind,ind,,id,Indonesian,Individual,Living,bahasa Indonesia,
ine,,ine,,Indo-European languages,Collective,,,
inh,inh,,,Ingush,Individual,Living,Ğ“Ó€Ğ°Ğ»Ğ³Ó€Ğ°Ğ¹ Ğ¼Ğ¾Ñ‚Ñ‚,
ipk,ipk,,ik,Inupiaq,Macrolanguage,Living,IÃ±upiaq,
ira,,ira,,Iranian languages,Collective,,,
iro,,iro,,Iroquoian languages,Collective,,,
isl / ice*,isl,,is,Icelandic,Individual,Living,Ã­slenska,
ita,ita,,it,Italian,Individual,Living,italiano; lingua italiana,
jav,jav,,jv,Javanese,Individual,Living,ê¦§ê¦±ê¦—ê¦® / Basa Jawa,
jbo,jbo,,,Lojban,Individual,Constructed,la .lojban.,
jpn,jpn,,ja,Japanese,Individual,Living,æ—¥æœ¬èª Nihongo,
jpr,jpr,,,Judeo-Persian,Individual,Living,Dzhidi,
jrb,jrb,,,Judeo-Arabic,Macrolanguage,Living,Ø¹Ø±Ø¨ÙŠØ© ÙŠÙ‡ÙˆØ¯ÙŠØ© / ×¢×¨×‘×™×ª ×™×”×•×“×™×ª,
kaa,kaa,,,Kara-Kalpak,Individual,Living,Qaraqalpaq tili; ÒšĞ°Ñ€Ğ°Ò›Ğ°Ğ»Ğ¿Ğ°Ò› Ñ‚Ğ¸Ğ»Ğ¸,Karakalpak
kab,kab,,,Kabyle,Individual,Living,TamaziÉ£t Taqbaylit; Tazwawt,
kac,kac,,,Kachin; Jingpho,Individual,Living,Jingpho,
kal,kal,,kl,Kalaallisut; Greenlandic,Individual,Living,,
kam,kam,,,Kamba,Individual,Living,,
kan,kan,,kn,Kannada,Individual,Living,à²•à²¨à³à²¨à²¡ KannaÄ‘a,
kar,,kar,,Karen languages,Collective,,,Karenic languages
kas,kas,,ks,Kashmiri,Individual,Living,à¤•à¥‰à¤¶à¥à¤° / ÙƒØ£Ø´ÙØ±,
kat / geo*,kat,,ka,Georgian,Individual,Living,áƒ¥áƒáƒ áƒ—áƒ£áƒšáƒ˜ Kharthuli,
kau,kau,,kr,Kanuri,Macrolanguage,Living,,
kaw,kaw,,,Kawi,Individual,Ancient,ê¦§ê¦±ê¦—ê¦®,
kaz,kaz,,kk,Kazakh,Individual,Living,Ò›Ğ°Ğ·Ğ°Ò› Ñ‚Ñ–Ğ»Ñ– qazaq tili; Ò›Ğ°Ğ·Ğ°Ò›ÑˆĞ° qazaqÅŸa,
kbd,kbd,,,Kabardian,Individual,Living,ĞĞ´Ñ‹Ğ³ÑĞ±Ğ·Ñ (ĞšÑŠÑĞ±ÑÑ€Ğ´ĞµĞ¹Ğ±Ğ·Ñ) AdÄ±gÄƒbzÄƒ (QÄƒbÄƒrdeÄ­bzÄƒ),
kha,kha,,,Khasi,Individual,Living,à¦•à¦¾ à¦•à¦¤à¦¿à¦¯à¦¼à§‡à¦¨ à¦–à¦¾à¦¶à¦¿,
khi,,khi,,Khoisan languages,Collective,,,
khm,khm,,km,Central Khmer,Individual,Living,á—á¶áŸá¶ááŸ’á˜áŸ‚áš PhiÉ™saakhmÃ¦r,
kho,kho,,,Khotanese; Sakan,Individual,Ancient,,Saka
kik,kik,,ki,Kikuyu; Gikuyu,Individual,Living,GÄ©kÅ©yÅ©,
kin,kin,,rw,Kinyarwanda,Individual,Living,Ikinyarwanda,
kir,kir,,ky,Kirghiz; Kyrgyz,Individual,Living,ĞºÑ‹Ñ€Ğ³Ñ‹Ğ·Ñ‡Ğ° kÄ±rgÄ±zÃ§a; ĞºÑ‹Ñ€Ğ³Ñ‹Ğ· Ñ‚Ğ¸Ğ»Ğ¸ kÄ±rgÄ±z tili,
kmb,kmb,,,Kimbundu,Individual,Living,,
kok,kok,,,Konkani,Macrolanguage,Living,à¤•à¥‹à¤‚à¤•à¤£à¥€,
kom,kom,,kv,Komi,Macrolanguage,Living,ĞšĞ¾Ğ¼Ğ¸ ĞºÑ‹Ğ²,
kon,kon,,kg,Kongo,Macrolanguage,Living,,
kor,kor,,ko,Korean,Individual,Living,í•œêµ­ì–´ Han'gug'Ã´,
kos,kos,,,Kosraean,Individual,Living,,
kpe,kpe,,,Kpelle,Macrolanguage,Living,KpÉ›lÉ›woo,
krc,krc,,,Karachay-Balkar,Individual,Living,ĞšÑŠĞ°Ñ€Ğ°Ñ‡Ğ°Ğ¹-ĞœĞ°Ğ»ĞºÑŠĞ°Ñ€ Ñ‚Ğ¸Ğ»; Ğ¢Ğ°ÑƒĞ»Ñƒ Ñ‚Ğ¸Ğ»,
krl,krl,,,Karelian,Individual,Living,karjal; kariela; karjala,
kro,,kro,,Kru languages,Collective,,,
kru,kru,,,Kurukh,Individual,Living,à¤•à¥à¤¡à¤¼à¥à¤–à¤¼,
kua,kua,,kj,Kuanyama; Kwanyama,Individual,Living,,
kum,kum,,,Kumyk,Individual,Living,ĞºÑŠÑƒĞ¼ÑƒĞºÑŠ Ñ‚Ğ¸Ğ»/qumuq til,
kur,kur,,ku,Kurdish,Macrolanguage,Living,kurdÃ® / Ú©ÙˆØ±Ø¯ÛŒ,
kut,kut,,,Kutenai,Individual,Living,,
lad,lad,,,Ladino,Individual,Living,Judeo-espaÃ±ol,Judaeo-Spanish
lah,lah,,,Lahnda,Macrolanguage,Living,Ø¨Ú¾Ø§Ø±Øª Ú©Ø§,Western Punjabi
lam,lam,,,Lamba,Individual,Living,,
lao,lao,,lo,Lao,Individual,Living,àºàº²àºªàº²àº¥àº²àº§ Phasalaw,
lat,lat,,la,Latin,Individual,Ancient,Lingua latÄ«na,
lav,lav,,lv,Latvian,Macrolanguage,Living,LatvieÅ¡u valoda,
lez,lez,,,Lezghian,Individual,Living,Ğ›ĞµĞ·Ğ³Ğ¸ Ñ‡ÓĞ°Ğ»,Lezgian
lim,lim,,li,Limburgan; Limburger; Limburgish,Individual,Living,LÃ¨mburgs,
lin,lin,,ln,Lingala,Individual,Living,,
lit,lit,,lt,Lithuanian,Individual,Living,lietuviÅ³ kalba,
lol,lol,,,Mongo,Individual,Living,Lomongo,
loz,loz,,,Lozi,Individual,Living,,
ltz,ltz,,lb,Luxembourgish; Letzeburgesch,Individual,Living,LÃ«tzebuergesch,
lua,lua,,,Luba-Lulua,Individual,Living,Tshiluba,Luba-Kasai
lub,lub,,lu,Luba-Katanga,Individual,Living,Kiluba,
lug,lug,,lg,Ganda,Individual,Living,Luganda,Luganda
lui,lui,,,Luiseno,Individual,Extinct,Cham'teela,
lun,lun,,,Lunda,Individual,Living,Chilunda,
luo,luo,,,Luo (Kenya and Tanzania),Individual,Living,Dholuo,
lus,lus,,,Lushai,Individual,Living,Mizo á¹­awng,Mizo
mad,mad,,,Madurese,Individual,Living,Madhura,
mag,mag,,,Magahi,Individual,Living,à¤®à¤—à¤¹à¥€,
mah,mah,,mh,Marshallese,Individual,Living,Kajin MÌ§ajeÄ¼,
mai,mai,,,Maithili,Individual,Living,à¤®à¥ˆà¤¥à¤¿à¤²à¥€; à¦®à§ˆà¦¥à¦¿à¦²à§€,
mak,mak,,,Makasar,Individual,Living,Basa Mangkasara' / á¨…á¨” á¨†á¨€á¨”á¨‘,Makassarese
mal,mal,,ml,Malayalam,Individual,Living,à´®à´²à´¯à´¾à´³à´‚ MalayÄÄ¼Ã£,
man,man,,,Mandingo,Macrolanguage,Living,Mandi'nka kango,Manding
map,,map,,Austronesian languages,Collective,,,
mar,mar,,mr,Marathi,Individual,Living,à¤®à¤°à¤¾à¤ à¥€ MarÄÅ£hÄ«,
mas,mas,,,Masai,Individual,Living,É”l,
mdf,mdf,,,Moksha,Individual,Living,Ğ¼Ğ¾ĞºÑˆĞµĞ½ÑŒ ĞºÑĞ»ÑŒ,
mdr,mdr,,,Mandar,Individual,Living,,
men,men,,,Mende,Individual,Living,MÉ›nde yia,
mga,mga,,,"Irish, Middle (900â€“1200)",Individual,Historical,Gaoidhealg,
mic,mic,,,Mi'kmaq; Micmac,Individual,Living,MÃ­kmawÃ­simk,
min,min,,,Minangkabau,Individual,Living,Baso Minang,
mis,mis,,,Uncoded languages,Special,,,
mkd / mac*,mkd,,mk,Macedonian,Individual,Living,Ğ¼Ğ°ĞºĞµĞ´Ğ¾Ğ½ÑĞºĞ¸ Ñ˜Ğ°Ğ·Ğ¸Ğº makedonski jazik,
mkh,,mkh,,Mon-Khmer languages,Collective,,,Austroasiatic languages
mlg,mlg,,mg,Malagasy,Macrolanguage,Living,,
mlt,mlt,,mt,Maltese,Individual,Living,Malti,
mnc,mnc,,,Manchu,Individual,Living,á ®á  á ¨á µá¡  á¡¤á¡³á °á¡ á ¨ Manju gisun,
mni,mni,,,Manipuri,Individual,Living,,Meitei
mno,,mno,,Manobo languages,Collective,,,
moh,moh,,,Mohawk,Individual,Living,Kanienâ€™kÃ©ha,
mon,mon,,mn,Mongolian,Macrolanguage,Living,Ğ¼Ğ¾Ğ½Ğ³Ğ¾Ğ» Ñ…ÑĞ» mongol xel; á ®á £á ©á ­á £á ¯ á ¬á ¡á ¯á ¡,
mos,mos,,,Mossi,Individual,Living,MoorÃ©,
mri / mao*,mri,,mi,MÄori,Individual,Living,Te Reo MÄori,
msa / may*,msa,,ms,Malay,Macrolanguage,Living,Bahasa Melayu,
mul,mul,,,Multiple languages,Special,,,
mun,,mun,,Munda languages,Collective,,,
mus,mus,,,Creek,Individual,Living,Mvskoke,Muscogee
mwl,mwl,,,Mirandese,Individual,Living,mirandÃ©s; lhÃ©ngua mirandesa,
mwr,mwr,,,Marwari,Macrolanguage,Living,à¤®à¤¾à¤°à¤µà¤¾à¤¡à¤¼à¥€,
mya / bur*,mya,,my,Burmese,Individual,Living,á€™á€¼á€”á€ºá€™á€¬á€…á€¬ MrÃ£mÄcÄ; á€™á€¼á€”á€ºá€™á€¬á€…á€€á€¬á€¸ MrÃ£mÄkÄ:,Myanmar
myn,,myn,,Mayan languages,Collective,,,
myv,myv,,,Erzya,Individual,Living,ÑÑ€Ğ·ÑĞ½ÑŒ ĞºĞµĞ»ÑŒ,
nah,,nah,,Nahuatl languages,Collective,,,Nahuan languages
nai,,nai,,North American Indian languages,Collective,,,
nap,nap,,,Neapolitan,Individual,Living,napulitano,
nau,nau,,na,Nauru,Individual,Living,dorerin Naoero,Nauruan
nav,nav,,nv,Navajo; Navaho,Individual,Living,DinÃ© bizaad; NaabeehÃ³ bizaad,
nbl,nbl,,nr,"Ndebele, South; South Ndebele",Individual,Living,isiNdebele seSewula,Southern Ndebele
nde,nde,,nd,"Ndebele, North; North Ndebele",Individual,Living,siNdebele saseNyakatho,Northern Ndebele
ndo,ndo,,ng,Ndonga,Individual,Living,ndonga,
nds,nds,,,"Low German; Low Saxon; German, Low; Saxon, Low",Individual,Living,PlattdÃ¼tsch; PlattdÃ¼Ã¼tsch,
nep,nep,,ne,Nepali,Macrolanguage,Living,à¤¨à¥‡à¤ªà¤¾à¤²à¥€ à¤­à¤¾à¤·à¤¾ NepÄlÄ« bhÄÅ›Ä,
new,new,,,Nepal Bhasa; Newari,Individual,Living,à¤¨à¥‡à¤ªà¤¾à¤² à¤­à¤¾à¤·à¤¾; à¤¨à¥‡à¤µà¤¾à¤ƒ à¤­à¤¾à¤¯à¥,Newar
nia,nia,,,Nias,Individual,Living,Li Niha,
nic,,nic,,Niger-Kordofanian languages,Collective,,,Niger-Congo languages
niu,niu,,,Niuean,Individual,Living,ko e vagahau NiuÄ“,
nld / dut*,nld,,nl,Dutch; Flemish,Individual,Living,Nederlands; Vlaams,
nno,nno,,nn,"Norwegian Nynorsk; Nynorsk, Norwegian",Individual,Living,norsk nynorsk,Nynorsk
nob,nob,,nb,"BokmÃ¥l, Norwegian; Norwegian BokmÃ¥l",Individual,Living,norsk bokmÃ¥l,BokmÃ¥l
nog,nog,,,Nogai,Individual,Living,ĞĞ¾Ğ³Ğ°Ğ¹ Ñ‚Ğ¸Ğ»Ğ¸,
non,non,,,"Norse, Old",Individual,Historical,DÇ«nsk tunga; NorrÅ“nt mÃ¡l,
nor,nor,,no,Norwegian,Macrolanguage,Living,norsk,
nqo,nqo,,,N'Ko,Individual,Living,,
nso,nso,,,Pedi; Sepedi; Northern Sotho,Individual,Living,Sesotho sa Leboa,
nub,,nub,,Nubian languages,Collective,,Ù„ØºØ§Øª Ù†ÙˆØ¨ÙŠØ©,
nwc,nwc,,,Classical Newari; Old Newari; Classical Nepal Bhasa,Individual,Historical,à¤ªà¥à¤²à¤¾à¤‚ à¤­à¤¾à¤¯à¥; à¤ªà¥à¤²à¤¾à¤™à¥ à¤¨à¥‡à¤ªà¤¾à¤² à¤­à¤¾à¤¯à¥,
nya,nya,,ny,Chichewa; Chewa; Nyanja,Individual,Living,Chichewa; Chinyanja,
nym,nym,,,Nyamwezi,Individual,Living,,
nyn,nyn,,,Nyankole,Individual,Living,,Nkore
nyo,nyo,,,Nyoro,Individual,Living,Runyoro,
nzi,nzi,,,Nzima,Individual,Living,,Nzema
oci,oci,,oc,Occitan (post 1500),Individual,Living,occitan; lenga d'Ã²c,
oji,oji,,oj,Ojibwa,Macrolanguage,Living,,Ojibwe
ori,ori,,or,Oriya,Macrolanguage,Living,à¬“à¬¡à¬¼à¬¿à¬†,Odia
orm,orm,,om,Oromo,Macrolanguage,Living,Afaan Oromoo,
osa,osa,,,Osage,Individual,Living,Wazhazhe ie / ğ“ğ“˜ğ“»ğ“˜ğ“»ğ“Ÿ ğ’»ğ“Ÿ,
oss,oss,,os,Ossetian; Ossetic,Individual,Living,Ğ˜Ñ€Ğ¾Ğ½ Ã¦Ğ²Ğ·Ğ°Ğ³ Iron Ã¦vzag,
ota,ota,,,"Turkish, Ottoman (1500â€“1928)",Individual,Historical,Ù„Ø³Ø§Ù† Ø¹Ø«Ù…Ø§Ù†Ù‰ / lisÃ¢n-Ä± OsmÃ¢nÃ®,
oto,,oto,,Otomian languages,Collective,,,Oto-Pamean languages
paa,,paa,,Papuan languages,Collective,,,
pag,pag,,,Pangasinan,Individual,Living,Salitan Pangasinan,
pal,pal,,,Pahlavi,Individual,Ancient,PÄrsÄ«k; PÄrsÄ«g,Middle Persian
pam,pam,,,Pampanga; Kapampangan,Individual,Living,AmÃ¡nung Kapampangan; AmÃ¡nung SÃ­suan,
pan,pan,,pa,Panjabi; Punjabi,Individual,Living,à¨ªà©°à¨œà¨¾à¨¬à©€ / Ù¾Ù†Ø¬Ø§Ø¨ÛŒ PÃ£jÄbÄ«,
pap,pap,,,Papiamento,Individual,Living,Papiamentu,
pau,pau,,,Palauan,Individual,Living,a tekoi er a Belau,
peo,peo,,,"Persian, Old (ca. 600â€“400 B.C.)",Individual,Historical,,
phi,,phi,,Philippine languages,Collective,,,
phn,phn,,,Phoenician,Individual,Ancient,ğ¤ƒğ¤ğ¤“ğ¤‰ğ¤Œ ğ¤Šğ¤ğ¤ğ¤ğ¤‰ğ¤Œ Dabariym Kana'aniym,
pli,pli,,pi,Pali,Individual,Ancient,PÄli,
pol,pol,,pl,Polish,Individual,Living,JÄ™zyk polski,
pon,pon,,,Pohnpeian,Individual,Living,,
por,por,,pt,Portuguese,Individual,Living,portuguÃªs,
pra,,pra,,Prakrit languages,Collective,,,
pro,pro,,,"ProvenÃ§al, Old (to 1500); Old Occitan (to 1500)",Individual,Historical,,
pus,pus,,ps,Pushto; Pashto,Macrolanguage,Living,Ù¾ÚšØªÙˆ PaxÌŒtow,
qaa-qtz,qaa-qtz,,,Reserved for local use,Local,,,
que,que,,qu,Quechua,Macrolanguage,Living,Runa simi; kichwa simi; Nuna shimi,
raj,raj,,,Rajasthani,Macrolanguage,Living,à¤°à¤¾à¤œà¤¸à¥à¤¥à¤¾à¤¨à¥€,
rap,rap,,,Rapanui,Individual,Living,Vananga rapa nui,
rar,rar,,,Rarotongan; Cook Islands MÄori,Individual,Living,MÄori KÅ«ki 'Ä€irani,
roa,,roa,,Romance languages,Collective,,,
roh,roh,,rm,Romansh,Individual,Living,Rumantsch; RumÃ ntsch; Romauntsch; Romontsch,
rom,rom,,,Romany,Macrolanguage,Living,romani Ähib,Romani
ron / rum*,ron,,ro,Romanian; Moldavian; Moldovan,Individual,Living,limba romÃ¢nÄƒ,
run,run,,rn,Rundi,Individual,Living,Ikirundi,Kirundi
rup,rup,,,Aromanian; Arumanian; Macedo-Romanian[b],Individual,Living,armÃ£neashce; armÃ£neashti; rrÃ£mÃ£neshti,
rus,rus,,ru,Russian,Individual,Living,Ñ€ÑƒÑÑĞºĞ¸Ğ¹ ÑĞ·Ñ‹Ğº russkiÄ­ Ã¢zÄ±k,
sad,sad,,,Sandawe,Individual,Living,Sandaweeki,
sag,sag,,sg,Sango,Individual,Living,yÃ¢ngÃ¢ tÃ® sÃ¤ngÃ¶,
sah,sah,,,Yakut,Individual,Living,Ğ¡Ğ°Ñ…Ğ°Ğ»Ñ‹Ñ‹,
sai,,sai,,South American Indian languages,Collective,,,
sal,,sal,,Salishan languages,Collective,,,
sam,sam,,,Samaritan Aramaic,Individual,Extinct,××¨××™×ª,
san,san,,sa,Sanskrit,Individual,Ancient,à¤¸à¤‚à¤¸à¥à¤•à¥ƒà¤¤à¤®à¥ SÄ…skÅ•tam; ğ‘Œ¸ğ‘Œ‚ğ‘Œ¸ğ‘ğ‘Œ•ğ‘ƒğ‘Œ¤ğ‘Œ®ğ‘,
sas,sas,,,Sasak,Individual,Living,,
sat,sat,,,Santali,Individual,Living,á±¥á±Ÿá±±á±›á±Ÿá±²á±¤,
scn,scn,,,Sicilian,Individual,Living,Sicilianu,
sco,sco,,,Scots,Individual,Living,Braid Scots; Lallans,
sel,sel,,,Selkup,Individual,Living,,
sem,,sem,,Semitic languages,Collective,,,
sga,sga,,,"Irish, Old (to 900)",Individual,Historical,GoÃ­delc,
sgn,,sgn,,Sign Languages,Collective,,,
shn,shn,,,Shan,Individual,Living,áµá‚‚á¢á€™á€ºá€¸á€á‚†á€¸á€šá‚‚á€º,
sid,sid,,,Sidamo,Individual,Living,Sidaamu Afoo,
sin,sin,,si,Sinhala; Sinhalese,Individual,Living,à·ƒà·’à¶‚à·„à¶½ SÄ©hala,
sio,,sio,,Siouan languages,Collective,,,
sit,,sit,,Sino-Tibetan languages,Collective,,,
sla,,sla,,Slavic languages,Collective,,,
slk / slo*,slk,,sk,Slovak,Individual,Living,slovenÄina; slovenskÃ½ jazyk,
slv,slv,,sl,Slovenian,Individual,Living,slovenski jezik; slovenÅ¡Äina,Slovene
sma,sma,,,Southern Sami,Individual,Living,Ã…arjelsaemien gÃ¯ele,
sme,sme,,se,Northern Sami,Individual,Living,davvisÃ¡megiella,
smi,,smi,,Sami languages,Collective,,,
smj,smj,,,Lule Sami,Individual,Living,julevsÃ¡megiella,
smn,smn,,,Inari Sami,Individual,Living,anarÃ¢Å¡kielÃ¢,
smo,smo,,sm,Samoan,Individual,Living,Gagana faÊ»a SÄmoa,
sms,sms,,,Skolt Sami,Individual,Living,sÃ¤Ã¤Ê¹mÇ©iÃµll,
sna,sna,,sn,Shona,Individual,Living,chiShona,
snd,snd,,sd,Sindhi,Individual,Living,Ø³Ù†ÚŒÙŠ / à¤¸à¤¿à¤¨à¥à¤§à¥€ / à¨¸à¨¿à©°à¨§à©€,
snk,snk,,,Soninke,Individual,Living,Sooninkanxanne,
sog,sog,,,Sogdian,Individual,Ancient,,
som,som,,so,Somali,Individual,Living,af Soomaali,
son,,son,,Songhai languages,Collective,,,Songhay languages
sot,sot,,st,"Sotho, Southern",Individual,Living,Sesotho [southern],
spa,spa,,es,Spanish; Castilian,Individual,Living,espaÃ±ol; castellano,
sqi / alb*,sqi,,sq,Albanian,Macrolanguage,Living,Shqip,
srd,srd,,sc,Sardinian,Macrolanguage,Living,sardu; limba sarda; lingua sarda,
srn,srn,,,Sranan Tongo,Individual,Living,,
srp,srp,,sr,Serbian,Individual,Living,ÑÑ€Ğ¿ÑĞºĞ¸ / srpski,
srr,srr,,,Serer,Individual,Living,Seereer,
ssa,,ssa,,Nilo-Saharan languages,Collective,,,
ssw,ssw,,ss,Swati,Individual,Living,siSwati,Swazi
suk,suk,,,Sukuma,Individual,Living,KÉªsukuma,
sun,sun,,su,Sundanese,Individual,Living,á®˜á® á®á®¥á®”á®ªá®“ / Basa Sunda,
sus,sus,,,Susu,Individual,Living,Sosoxui,
sux,sux,,,Sumerian,Individual,Ancient,ğ’…´ğ’‚ ,
swa,swa,,sw,Swahili,Macrolanguage,Living,Kiswahili,
swe,swe,,sv,Swedish,Individual,Living,svenska,
syc,syc,,,Classical Syriac,Individual,Historical,,
syr,syr,,,Syriac,Macrolanguage,Living,Ü Ü«Ü¢Ü Ü£Ü˜ÜªÜÜÜ LeÅ¡ÄnÄ SuryÄyÄ,
tah,tah,,ty,Tahitian,Individual,Living,Reo Tahiti; Reo MÄ'ohi,
tai,,tai,,Tai languages,Collective,,à¸ à¸²à¸©à¸²à¹„à¸—; à¸ à¸²à¸©à¸²à¹„à¸•,
tam,tam,,ta,Tamil,Individual,Living,à®¤à®®à®¿à®´à¯ TamiÅ‚,
tat,tat,,tt,Tatar,Individual,Living,Ñ‚Ğ°Ñ‚Ğ°Ñ€ Ñ‚ĞµĞ»Ğµ / tatar tele / ØªØ§ØªØ§Ø±,
tel,tel,,te,Telugu,Individual,Living,à°¤à±†à°²à±à°—à± Telugu,
tem,tem,,,Timne,Individual,Living,KÊŒThemnÉ›,Temne
ter,ter,,,Tereno,Individual,Living,TerÃªna,Terena
tet,tet,,,Tetum,Individual,Living,Lia-Tetun,
tgk,tgk,,tg,Tajik,Individual,Living,Ñ‚Ğ¾Ò·Ğ¸ĞºÓ£ toÃ§ikÄ«,
tgl,tgl,,tl,Tagalog,Individual,Living,Wikang Tagalog,
tha,tha,,th,Thai,Individual,Living,à¸ à¸²à¸©à¸²à¹„à¸—à¸¢ Phasathay,
tig,tig,,,Tigre,Individual,Living,á‰µáŒáˆ¨; á‰µáŒáˆ¬; áŠ»áˆ³; á‰µáŒáˆ«á‹­á‰µ,
tir,tir,,ti,Tigrinya,Individual,Living,á‰µáŒáˆ­áŠ›,
tiv,tiv,,,Tiv,Individual,Living,,
tkl,tkl,,,Tokelau,Individual,Living,,Tokelauan
tlh,tlh,,,Klingon; tlhIngan-Hol,Individual,Constructed,,
tli,tli,,,Tlingit,Individual,Living,LingÃ­t,
tmh,tmh,,,Tamashek,Macrolanguage,Living,,Tamasheq
tog,tog,,,Tonga (Nyasa),Individual,Living,chiTonga,
ton,ton,,to,Tonga (Tonga Islands),Individual,Living,lea faka-Tonga,Tongan
tpi,tpi,,,Tok Pisin,Individual,Living,,
tsi,tsi,,,Tsimshian,Individual,Living,,
tsn,tsn,,tn,Tswana,Individual,Living,Setswana,
tso,tso,,ts,Tsonga,Individual,Living,Xitsonga,
tuk,tuk,,tk,Turkmen,Individual,Living,TÃ¼rkmenÃ§e / Ğ¢Ò¯Ñ€ĞºĞ¼ĞµĞ½Ñ‡Ğµ / ØªÙˆØ±Ú©Ù…Ù† ØªÛŒÙ„ÛŒ ØªÙˆØ±Ú©Ù…Ù†Ú†; tÃ¼rkmen dili / Ñ‚Ò¯Ñ€ĞºĞ¼ĞµĞ½ Ğ´Ğ¸Ğ»Ğ¸,
tum,tum,,,Tumbuka,Individual,Living,chiTumbuka,
tup,,tup,,Tupi languages,Collective,,,Tupian languages
tur,tur,,tr,Turkish,Individual,Living,TÃ¼rkÃ§e,
tut,,tut,,Altaic languages,Collective,,,
tvl,tvl,,,Tuvalu,Individual,Living,Te Ggana Tuuvalu; Te Gagana Tuuvalu,Tuvaluan
twi,twi,,tw,Twi,Individual,Living,,
tyv,tyv,,,Tuvinian,Individual,Living,Ñ‚Ñ‹Ğ²Ğ° Ğ´Ñ‹Ğ»,Tuvan
udm,udm,,,Udmurt,Individual,Living,ÑƒĞ´Ğ¼ÑƒÑ€Ñ‚ ĞºÑ‹Ğ»,
uga,uga,,,Ugaritic,Individual,Ancient,,
uig,uig,,ug,Uighur; Uyghur,Individual,Living,Ø¦Û‡ÙŠØºÛ‡Ø±Ú†Û•  ;  Ø¦Û‡ÙŠØºÛ‡Ø± ØªÙ‰Ù„Ù‰,
ukr,ukr,,uk,Ukrainian,Individual,Living,Ğ£ĞºÑ€Ğ°Ñ—Ğ½ÑÑŒĞºĞ° Ğ¼Ğ¾Ğ²Ğ°; Ğ£ĞºÑ€Ğ°Ñ—Ğ½ÑÑŒĞºĞ°,
umb,umb,,,Umbundu,Individual,Living,ÃšmbÃºndÃº,
und,und,,,Undetermined,Special,,,
urd,urd,,ur,Urdu,Individual,Living,Ø§ÙØ±Ø¯ÙÙˆ Urduw,
uzb,uzb,,uz,Uzbek,Macrolanguage,Living,OÊ»zbekcha / Ã“zbekÃ§a / ÑĞ·Ğ±ĞµĞºÑ‡Ğ° / Ø¦ÙˆØ²Ø¨ÛÚ†Ù‡; oÊ»zbek tili / ÑĞ·Ğ±ĞµĞº Ñ‚Ğ¸Ğ»Ğ¸ /  Ø¦ÙˆØ¨ÛÚ© ØªÛŒÙ„ÛŒ,
vai,vai,,,Vai,Individual,Living,ê•™ê”¤,
,vec,,,Venetian,Individual,Living,Veneto,
ven,ven,,ve,Venda,Individual,Living,Tshivená¸“a,
vie,vie,,vi,Vietnamese,Individual,Living,Tiáº¿ng Viá»‡t,
vol,vol,,vo,VolapÃ¼k,Individual,Constructed,,
vot,vot,,,Votic,Individual,Living,vaÄ‘Ä‘a ceeli,
wak,,wak,,Wakashan languages,Collective,,,
wal,wal,,,Wolaitta; Wolaytta,Individual,Living,,
war,war,,,Waray,Individual,Living,Winaray; SamareÃ±o; Lineyte-Samarnon; BinisayÃ¢ nga Winaray; BinisayÃ¢ nga Samar-Leyte; â€œBinisayÃ¢ nga Warayâ€,
was,was,,,Washo,Individual,Living,wÃ¡:Å¡iw Ê”Ã­tlu,
wen,,wen,,Sorbian languages,Collective,,Serbsce / Serbski,
wln,wln,,wa,Walloon,Individual,Living,Walon,
wol,wol,,wo,Wolof,Individual,Living,,
xal,xal,,,Kalmyk; Oirat,Individual,Living,Ğ¥Ğ°Ğ»ÑŒĞ¼Ğ³ ĞºĞµĞ»Ğ½ / XaÄ¾mg keln,
xho,xho,,xh,Xhosa,Individual,Living,isiXhosa,
yao,yao,,,Yao,Individual,Living,,
yap,yap,,,Yapese,Individual,Living,,
yid,yid,,yi,Yiddish,Macrolanguage,Living,×™×™Ö´×“×™×©; ×™×™×“×™×©; ××™×“×™×© YidiÅ¡,
yor,yor,,yo,Yoruba,Individual,Living,Ã¨dÃ¨ YorÃ¹bÃ¡,
ypk,,ypk,,Yupik languages,Collective,,,
zap,zap,,,Zapotec,Macrolanguage,Living,DiidxazÃ¡/Dizhsa,
zbl,zbl,,,Blissymbols; Blissymbolics; Bliss,Individual,Constructed,,
zen,zen,,,Zenaga,Individual,Living,Tuá¸á¸ungiyya,
zgh,zgh,,,Standard Moroccan Tamazight,Individual,Living,âµœâ´°âµâ´°âµ£âµ‰âµ–âµœ âµœâ´°âµâ´°âµ¡â´°âµ¢âµœ,Standard Moroccan Berber
zha,zha,,za,Zhuang; Chuang,Macrolanguage,Living,Vahcuengh / è©±åƒ®,
zho / chi*,zho,,zh,Chinese,Macrolanguage,Living,ä¸­æ–‡ ZhÅngwÃ©n; æ±‰è¯­; æ¼¢èª HÃ nyÇ”,
znd,,znd,,Zande languages,Collective,,,
zul,zul,,zu,Zulu,Individual,Living,isiZulu,
zun,zun,,,Zuni,Individual,Living,Shiwi'ma,
zxx,zxx,,,No linguistic content; Not applicable,Special,,,
zza,zza,,,Zaza; Dimili; Dimli; Kirdki; Kirmanjki; Zazaki,Macrolanguage,Living,kirmanckÃ®; dimilkÃ®; kirdkÃ®; zazakÃ®,
